"id","name","type","description","prompt"
"dust-bunny-brigade","Dust Bunny Brigade","monster","A humorous fantasy interpretation of Dust Bunny Brigade.","Humorous fantasy card game illustration, hand-drawn comic fantasy, expressive outlines, exaggerated shapes and facial expressions, clear silhouette, readable at small card size, one main subject, simple uncluttered background, vertical composition, centered subject, no text, no letters, no numbers, no UI, no card frame, no watermark. Funny but dangerous fantasy creature, absurd and memorable, dynamic pose. Card: Dust Bunny Brigade. A humorous fantasy interpretation of Dust Bunny Brigade."
"corridor-crab","Corridor Crab","monster","A humorous fantasy interpretation of Corridor Crab.","Humorous fantasy card game illustration, hand-drawn comic fantasy, expressive outlines, exaggerated shapes and facial expressions, clear silhouette, readable at small card size, one main subject, simple uncluttered background, vertical composition, centered subject, no text, no letters, no numbers, no UI, no card frame, no watermark. Funny but dangerous fantasy creature, absurd and memorable, dynamic pose. Card: Corridor Crab. A humorous fantasy interpretation of Corridor Crab."
"dust-parliament","Dust Parliament","monster","A humorous fantasy interpretation of Dust Parliament.","Humorous fantasy card game illustration, hand-drawn comic fantasy, expressive outlines, exaggerated shapes and facial expressions, clear silhouette, readable at small card size, one main subject, simple uncluttered background, vertical composition, centered subject, no text, no letters, no numbers, no UI, no card frame, no watermark. Funny but dangerous fantasy creature, absurd and memorable, dynamic pose. Card: Dust Parliament. A humorous fantasy interpretation of Dust Parliament."
"paper-mimic","Paper Mimic","monster","A humorous fantasy interpretation of Paper Mimic.","Humorous fantasy card game illustration, hand-drawn comic fantasy, expressive outlines, exaggerated shapes and facial expressions, clear silhouette, readable at small card size, one main subject, simple uncluttered background, vertical composition, centered subject, no text, no letters, no numbers, no UI, no card frame, no watermark. Funny but dangerous fantasy creature, absurd and memorable, dynamic pose. Card: Paper Mimic. A humorous fantasy interpretation of Paper Mimic."
"lost-sock-swarm","Lost Sock Swarm","monster","A humorous fantasy interpretation of Lost Sock Swarm.","Humorous fantasy card game illustration, hand-drawn comic fantasy, expressive outlines, exaggerated shapes and facial expressions, clear silhouette, readable at small card size, one main subject, simple uncluttered background, vertical composition, centered subject, no text, no letters, no numbers, no UI, no card frame, no watermark. Funny but dangerous fantasy creature, absurd and memorable, dynamic pose. Card: Lost Sock Swarm. A humorous fantasy interpretation of Lost Sock Swarm."
"cupboard-specter","Cupboard Specter","monster","A humorous fantasy interpretation of Cupboard Specter.","Humorous fantasy card game illustration, hand-drawn comic fantasy, expressive outlines, exaggerated shapes and facial expressions, clear silhouette, readable at small card size, one main subject, simple uncluttered background, vertical composition, centered subject, no text, no letters, no numbers, no UI, no card frame, no watermark. Funny but dangerous fantasy creature, absurd and memorable, dynamic pose. Card: Cupboard Specter. A humorous fantasy interpretation of Cupboard Specter."
"whispering-vending-machine","Whispering Vending Machine","monster","A humorous fantasy interpretation of Whispering Vending Machine.","Humorous fantasy card game illustration, hand-drawn comic fantasy, expressive outlines, exaggerated shapes and facial expressions, clear silhouette, readable at small card size, one main subject, simple uncluttered background, vertical composition, centered subject, no text, no letters, no numbers, no UI, no card frame, no watermark. Funny but dangerous fantasy creature, absurd and memorable, dynamic pose. Card: Whispering Vending Machine. A humorous fantasy interpretation of Whispering Vending Machine."
"hallway-minotaur","Hallway Minotaur","monster","A humorous fantasy interpretation of Hallway Minotaur.","Humorous fantasy card game illustration, hand-drawn comic fantasy, expressive outlines, exaggerated shapes and facial expressions, clear silhouette, readable at small card size, one main subject, simple uncluttered background, vertical composition, centered subject, no text, no letters, no numbers, no UI, no card frame, no watermark. Funny but dangerous fantasy creature, absurd and memorable, dynamic pose. Card: Hallway Minotaur. A humorous fantasy interpretation of Hallway Minotaur."
"bureaucratic-ooze","Bureaucratic Ooze","monster","A humorous fantasy interpretation of Bureaucratic Ooze.","Humorous fantasy card game illustration, hand-drawn comic fantasy, expressive outlines, exaggerated shapes and facial expressions, clear silhouette, readable at small card size, one main subject, simple uncluttered background, vertical composition, centered subject, no text, no letters, no numbers, no UI, no card frame, no watermark. Funny but dangerous fantasy creature, absurd and memorable, dynamic pose. Card: Bureaucratic Ooze. A humorous fantasy interpretation of Bureaucratic Ooze."
"mirror-duelist-male","Mirror Duelist: Mars","monster","A humorous fantasy interpretation of Mirror Duelist: Mars.","Humorous fantasy card game illustration, hand-drawn comic fantasy, expressive outlines, exaggerated shapes and facial expressions, clear silhouette, readable at small card size, one main subject, simple uncluttered background, vertical composition, centered subject, no text, no letters, no numbers, no UI, no card frame, no watermark. Funny but dangerous fantasy creature, absurd and memorable, dynamic pose. Card: Mirror Duelist: Mars. A humorous fantasy interpretation of Mirror Duelist: Mars."
"mirror-duelist-female","Mirror Duelist: Venus","monster","A humorous fantasy interpretation of Mirror Duelist: Venus.","Humorous fantasy card game illustration, hand-drawn comic fantasy, expressive outlines, exaggerated shapes and facial expressions, clear silhouette, readable at small card size, one main subject, simple uncluttered background, vertical composition, centered subject, no text, no letters, no numbers, no UI, no card frame, no watermark. Funny but dangerous fantasy creature, absurd and memorable, dynamic pose. Card: Mirror Duelist: Venus. A humorous fantasy interpretation of Mirror Duelist: Venus."
"map-eater","Map-Eater","monster","A humorous fantasy interpretation of Map-Eater.","Humorous fantasy card game illustration, hand-drawn comic fantasy, expressive outlines, exaggerated shapes and facial expressions, clear silhouette, readable at small card size, one main subject, simple uncluttered background, vertical composition, centered subject, no text, no letters, no numbers, no UI, no card frame, no watermark. Funny but dangerous fantasy creature, absurd and memorable, dynamic pose. Card: Map-Eater. A humorous fantasy interpretation of Map-Eater."
"staircase-centipede","Staircase Centipede","monster","A humorous fantasy interpretation of Staircase Centipede.","Humorous fantasy card game illustration, hand-drawn comic fantasy, expressive outlines, exaggerated shapes and facial expressions, clear silhouette, readable at small card size, one main subject, simple uncluttered background, vertical composition, centered subject, no text, no letters, no numbers, no UI, no card frame, no watermark. Funny but dangerous fantasy creature, absurd and memorable, dynamic pose. Card: Staircase Centipede. A humorous fantasy interpretation of Staircase Centipede."
"rust-choir","Rust Choir","monster","A humorous fantasy interpretation of Rust Choir.","Humorous fantasy card game illustration, hand-drawn comic fantasy, expressive outlines, exaggerated shapes and facial expressions, clear silhouette, readable at small card size, one main subject, simple uncluttered background, vertical composition, centered subject, no text, no letters, no numbers, no UI, no card frame, no watermark. Funny but dangerous fantasy creature, absurd and memorable, dynamic pose. Card: Rust Choir. A humorous fantasy interpretation of Rust Choir."
"grave-lantern","Grave Lantern","monster","A humorous fantasy interpretation of Grave Lantern.","Humorous fantasy card game illustration, hand-drawn comic fantasy, expressive outlines, exaggerated shapes and facial expressions, clear silhouette, readable at small card size, one main subject, simple uncluttered background, vertical composition, centered subject, no text, no letters, no numbers, no UI, no card frame, no watermark. Funny but dangerous fantasy creature, absurd and memorable, dynamic pose. Card: Grave Lantern. A humorous fantasy interpretation of Grave Lantern."
"clockwork-yak","Clockwork Yak","monster","A humorous fantasy interpretation of Clockwork Yak.","Humorous fantasy card game illustration, hand-drawn comic fantasy, expressive outlines, exaggerated shapes and facial expressions, clear silhouette, readable at small card size, one main subject, simple uncluttered background, vertical composition, centered subject, no text, no letters, no numbers, no UI, no card frame, no watermark. Funny but dangerous fantasy creature, absurd and memorable, dynamic pose. Card: Clockwork Yak. A humorous fantasy interpretation of Clockwork Yak."
"archive-dragon","Archive Dragon","monster","A humorous fantasy interpretation of Archive Dragon.","Humorous fantasy card game illustration, hand-drawn comic fantasy, expressive outlines, exaggerated shapes and facial expressions, clear silhouette, readable at small card size, one main subject, simple uncluttered background, vertical composition, centered subject, no text, no letters, no numbers, no UI, no card frame, no watermark. Funny but dangerous fantasy creature, absurd and memorable, dynamic pose. Card: Archive Dragon. A humorous fantasy interpretation of Archive Dragon."
"midnight-auditor","Midnight Auditor","monster","A humorous fantasy interpretation of Midnight Auditor.","Humorous fantasy card game illustration, hand-drawn comic fantasy, expressive outlines, exaggerated shapes and facial expressions, clear silhouette, readable at small card size, one main subject, simple uncluttered background, vertical composition, centered subject, no text, no letters, no numbers, no UI, no card frame, no watermark. Funny but dangerous fantasy creature, absurd and memorable, dynamic pose. Card: Midnight Auditor. A humorous fantasy interpretation of Midnight Auditor."
"library-colossus","Library Colossus","monster","A humorous fantasy interpretation of Library Colossus.","Humorous fantasy card game illustration, hand-drawn comic fantasy, expressive outlines, exaggerated shapes and facial expressions, clear silhouette, readable at small card size, one main subject, simple uncluttered background, vertical composition, centered subject, no text, no letters, no numbers, no UI, no card frame, no watermark. Funny but dangerous fantasy creature, absurd and memorable, dynamic pose. Card: Library Colossus. A humorous fantasy interpretation of Library Colossus."
"moonlit-leviathan","Moonlit Leviathan","monster","Bad Stuff: death.","Humorous fantasy card game illustration, hand-drawn comic fantasy, expressive outlines, exaggerated shapes and facial expressions, clear silhouette, readable at small card size, one main subject, simple uncluttered background, vertical composition, centered subject, no text, no letters, no numbers, no UI, no card frame, no watermark. Funny but dangerous fantasy creature, absurd and memorable, dynamic pose. Card: Moonlit Leviathan. Bad Stuff: death."
"curse-shortcut-tax","Curse! Shortcut Tax","curse","A humorous fantasy interpretation of Curse! Shortcut Tax.","Humorous fantasy card game illustration, hand-drawn comic fantasy, expressive outlines, exaggerated shapes and facial expressions, clear silhouette, readable at small card size, one main subject, simple uncluttered background, vertical composition, centered subject, no text, no letters, no numbers, no UI, no card frame, no watermark. Comical fantasy misfortune or cursed situation, visually obvious and absurd. Card: Curse! Shortcut Tax. A humorous fantasy interpretation of Curse! Shortcut Tax."
"curse-memory-moths","Curse! Memory Moths","curse","A humorous fantasy interpretation of Curse! Memory Moths.","Humorous fantasy card game illustration, hand-drawn comic fantasy, expressive outlines, exaggerated shapes and facial expressions, clear silhouette, readable at small card size, one main subject, simple uncluttered background, vertical composition, centered subject, no text, no letters, no numbers, no UI, no card frame, no watermark. Comical fantasy misfortune or cursed situation, visually obvious and absurd. Card: Curse! Memory Moths. A humorous fantasy interpretation of Curse! Memory Moths."
"curse-tangled-bootlaces","Combat Curse! Tangled Bootlaces","combat_curse","A humorous fantasy interpretation of Combat Curse! Tangled Bootlaces.","Humorous fantasy card game illustration, hand-drawn comic fantasy, expressive outlines, exaggerated shapes and facial expressions, clear silhouette, readable at small card size, one main subject, simple uncluttered background, vertical composition, centered subject, no text, no letters, no numbers, no UI, no card frame, no watermark. Comical fantasy misfortune or cursed situation, visually obvious and absurd. Card: Combat Curse! Tangled Bootlaces. A humorous fantasy interpretation of Combat Curse! Tangled Bootlaces."
"curse-hollow-pockets","Curse! Hollow Pockets","curse","A humorous fantasy interpretation of Curse! Hollow Pockets.","Humorous fantasy card game illustration, hand-drawn comic fantasy, expressive outlines, exaggerated shapes and facial expressions, clear silhouette, readable at small card size, one main subject, simple uncluttered background, vertical composition, centered subject, no text, no letters, no numbers, no UI, no card frame, no watermark. Comical fantasy misfortune or cursed situation, visually obvious and absurd. Card: Curse! Hollow Pockets. A humorous fantasy interpretation of Curse! Hollow Pockets."
"curse-wrong-turn","Curse! Wrong Turn","curse","A humorous fantasy interpretation of Curse! Wrong Turn.","Humorous fantasy card game illustration, hand-drawn comic fantasy, expressive outlines, exaggerated shapes and facial expressions, clear silhouette, readable at small card size, one main subject, simple uncluttered background, vertical composition, centered subject, no text, no letters, no numbers, no UI, no card frame, no watermark. Comical fantasy misfortune or cursed situation, visually obvious and absurd. Card: Curse! Wrong Turn. A humorous fantasy interpretation of Curse! Wrong Turn."
"curse-double-backtrack","Curse! Double Backtrack","curse","A humorous fantasy interpretation of Curse! Double Backtrack.","Humorous fantasy card game illustration, hand-drawn comic fantasy, expressive outlines, exaggerated shapes and facial expressions, clear silhouette, readable at small card size, one main subject, simple uncluttered background, vertical composition, centered subject, no text, no letters, no numbers, no UI, no card frame, no watermark. Comical fantasy misfortune or cursed situation, visually obvious and absurd. Card: Curse! Double Backtrack. A humorous fantasy interpretation of Curse! Double Backtrack."
"curse-career-fog","Curse! Career Fog","curse","A humorous fantasy interpretation of Curse! Career Fog.","Humorous fantasy card game illustration, hand-drawn comic fantasy, expressive outlines, exaggerated shapes and facial expressions, clear silhouette, readable at small card size, one main subject, simple uncluttered background, vertical composition, centered subject, no text, no letters, no numbers, no UI, no card frame, no watermark. Comical fantasy misfortune or cursed situation, visually obvious and absurd. Card: Curse! Career Fog. A humorous fantasy interpretation of Curse! Career Fog."
"curse-pocket-gravity","Curse! Pocket Gravity","curse","A humorous fantasy interpretation of Curse! Pocket Gravity.","Humorous fantasy card game illustration, hand-drawn comic fantasy, expressive outlines, exaggerated shapes and facial expressions, clear silhouette, readable at small card size, one main subject, simple uncluttered background, vertical composition, centered subject, no text, no letters, no numbers, no UI, no card frame, no watermark. Comical fantasy misfortune or cursed situation, visually obvious and absurd. Card: Curse! Pocket Gravity. A humorous fantasy interpretation of Curse! Pocket Gravity."
"curse-unread-map","Curse! Unread Map","curse","A humorous fantasy interpretation of Curse! Unread Map.","Humorous fantasy card game illustration, hand-drawn comic fantasy, expressive outlines, exaggerated shapes and facial expressions, clear silhouette, readable at small card size, one main subject, simple uncluttered background, vertical composition, centered subject, no text, no letters, no numbers, no UI, no card frame, no watermark. Comical fantasy misfortune or cursed situation, visually obvious and absurd. Card: Curse! Unread Map. A humorous fantasy interpretation of Curse! Unread Map."
"curse-echoing-doubt","Curse! Echoing Doubt","curse","A humorous fantasy interpretation of Curse! Echoing Doubt.","Humorous fantasy card game illustration, hand-drawn comic fantasy, expressive outlines, exaggerated shapes and facial expressions, clear silhouette, readable at small card size, one main subject, simple uncluttered background, vertical composition, centered subject, no text, no letters, no numbers, no UI, no card frame, no watermark. Comical fantasy misfortune or cursed situation, visually obvious and absurd. Card: Curse! Echoing Doubt. A humorous fantasy interpretation of Curse! Echoing Doubt."
"curse-total-recall","Curse! Total Recall","curse","A humorous fantasy interpretation of Curse! Total Recall.","Humorous fantasy card game illustration, hand-drawn comic fantasy, expressive outlines, exaggerated shapes and facial expressions, clear silhouette, readable at small card size, one main subject, simple uncluttered background, vertical composition, centered subject, no text, no letters, no numbers, no UI, no card frame, no watermark. Comical fantasy misfortune or cursed situation, visually obvious and absurd. Card: Curse! Total Recall. A humorous fantasy interpretation of Curse! Total Recall."
"curse-collapsing-wardrobe","Curse! Collapsing Wardrobe","curse","A humorous fantasy interpretation of Curse! Collapsing Wardrobe.","Humorous fantasy card game illustration, hand-drawn comic fantasy, expressive outlines, exaggerated shapes and facial expressions, clear silhouette, readable at small card size, one main subject, simple uncluttered background, vertical composition, centered subject, no text, no letters, no numbers, no UI, no card frame, no watermark. Comical fantasy misfortune or cursed situation, visually obvious and absurd. Card: Curse! Collapsing Wardrobe. A humorous fantasy interpretation of Curse! Collapsing Wardrobe."
"guild-of-echoes","Guild of Echoes","class","A humorous fantasy interpretation of Guild of Echoes.","Humorous fantasy card game illustration, hand-drawn comic fantasy, expressive outlines, exaggerated shapes and facial expressions, clear silhouette, readable at small card size, one main subject, simple uncluttered background, vertical composition, centered subject, no text, no letters, no numbers, no UI, no card frame, no watermark. Humorous fantasy character clearly representing this class through clothing, equipment and pose. Card: Guild of Echoes. A humorous fantasy interpretation of Guild of Echoes."
"cartographers-circle","Cartographers' Circle","class","A humorous fantasy interpretation of Cartographers' Circle.","Humorous fantasy card game illustration, hand-drawn comic fantasy, expressive outlines, exaggerated shapes and facial expressions, clear silhouette, readable at small card size, one main subject, simple uncluttered background, vertical composition, centered subject, no text, no letters, no numbers, no UI, no card frame, no watermark. Humorous fantasy character clearly representing this class through clothing, equipment and pose. Card: Cartographers' Circle. A humorous fantasy interpretation of Cartographers' Circle."
"scrap-knights","Scrap Knights","class","A humorous fantasy interpretation of Scrap Knights.","Humorous fantasy card game illustration, hand-drawn comic fantasy, expressive outlines, exaggerated shapes and facial expressions, clear silhouette, readable at small card size, one main subject, simple uncluttered background, vertical composition, centered subject, no text, no letters, no numbers, no UI, no card frame, no watermark. Humorous fantasy character clearly representing this class through clothing, equipment and pose. Card: Scrap Knights. A humorous fantasy interpretation of Scrap Knights."
"lantern-wardens","Lantern Wardens","class","A humorous fantasy interpretation of Lantern Wardens.","Humorous fantasy card game illustration, hand-drawn comic fantasy, expressive outlines, exaggerated shapes and facial expressions, clear silhouette, readable at small card size, one main subject, simple uncluttered background, vertical composition, centered subject, no text, no letters, no numbers, no UI, no card frame, no watermark. Humorous fantasy character clearly representing this class through clothing, equipment and pose. Card: Lantern Wardens. A humorous fantasy interpretation of Lantern Wardens."
"lantern-folk","Lantern Folk","race","A humorous fantasy interpretation of Lantern Folk.","Humorous fantasy card game illustration, hand-drawn comic fantasy, expressive outlines, exaggerated shapes and facial expressions, clear silhouette, readable at small card size, one main subject, simple uncluttered background, vertical composition, centered subject, no text, no letters, no numbers, no UI, no card frame, no watermark. Humorous fantasy character clearly representing this fantasy race, emphasizing its recognizable visual traits. Card: Lantern Folk. A humorous fantasy interpretation of Lantern Folk."
"mosskin","Mosskin","race","A humorous fantasy interpretation of Mosskin.","Humorous fantasy card game illustration, hand-drawn comic fantasy, expressive outlines, exaggerated shapes and facial expressions, clear silhouette, readable at small card size, one main subject, simple uncluttered background, vertical composition, centered subject, no text, no letters, no numbers, no UI, no card frame, no watermark. Humorous fantasy character clearly representing this fantasy race, emphasizing its recognizable visual traits. Card: Mosskin. A humorous fantasy interpretation of Mosskin."
"brassborn","Brassborn","race","A humorous fantasy interpretation of Brassborn.","Humorous fantasy card game illustration, hand-drawn comic fantasy, expressive outlines, exaggerated shapes and facial expressions, clear silhouette, readable at small card size, one main subject, simple uncluttered background, vertical composition, centered subject, no text, no letters, no numbers, no UI, no card frame, no watermark. Humorous fantasy character clearly representing this fantasy race, emphasizing its recognizable visual traits. Card: Brassborn. A humorous fantasy interpretation of Brassborn."
"nightglimmers","Nightglimmers","race","A humorous fantasy interpretation of Nightglimmers.","Humorous fantasy card game illustration, hand-drawn comic fantasy, expressive outlines, exaggerated shapes and facial expressions, clear silhouette, readable at small card size, one main subject, simple uncluttered background, vertical composition, centered subject, no text, no letters, no numbers, no UI, no card frame, no watermark. Humorous fantasy character clearly representing this fantasy race, emphasizing its recognizable visual traits. Card: Nightglimmers. A humorous fantasy interpretation of Nightglimmers."
"spatula-of-resolve","Spatula of Resolve","item","A humorous fantasy interpretation of Spatula of Resolve.","Humorous fantasy card game illustration, hand-drawn comic fantasy, expressive outlines, exaggerated shapes and facial expressions, clear silhouette, readable at small card size, one main subject, simple uncluttered background, vertical composition, centered subject, no text, no letters, no numbers, no UI, no card frame, no watermark. Fantasy item as the clear main subject, iconic shape, exaggerated humorous design. Card: Spatula of Resolve. A humorous fantasy interpretation of Spatula of Resolve."
"helmet-of-mild-foresight","Helmet of Mild Foresight","item","A humorous fantasy interpretation of Helmet of Mild Foresight.","Humorous fantasy card game illustration, hand-drawn comic fantasy, expressive outlines, exaggerated shapes and facial expressions, clear silhouette, readable at small card size, one main subject, simple uncluttered background, vertical composition, centered subject, no text, no letters, no numbers, no UI, no card frame, no watermark. Fantasy item as the clear main subject, iconic shape, exaggerated humorous design. Card: Helmet of Mild Foresight. A humorous fantasy interpretation of Helmet of Mild Foresight."
"boots-of-purposeful-squeaking","Boots of Purposeful Squeaking","item","A humorous fantasy interpretation of Boots of Purposeful Squeaking.","Humorous fantasy card game illustration, hand-drawn comic fantasy, expressive outlines, exaggerated shapes and facial expressions, clear silhouette, readable at small card size, one main subject, simple uncluttered background, vertical composition, centered subject, no text, no letters, no numbers, no UI, no card frame, no watermark. Fantasy item as the clear main subject, iconic shape, exaggerated humorous design. Card: Boots of Purposeful Squeaking. A humorous fantasy interpretation of Boots of Purposeful Squeaking."
"coat-of-many-pockets","Coat of Many Pockets","item","A humorous fantasy interpretation of Coat of Many Pockets.","Humorous fantasy card game illustration, hand-drawn comic fantasy, expressive outlines, exaggerated shapes and facial expressions, clear silhouette, readable at small card size, one main subject, simple uncluttered background, vertical composition, centered subject, no text, no letters, no numbers, no UI, no card frame, no watermark. Fantasy item as the clear main subject, iconic shape, exaggerated humorous design. Card: Coat of Many Pockets. A humorous fantasy interpretation of Coat of Many Pockets."
"tin-kettle-helm","Tin Kettle Helm","item","A humorous fantasy interpretation of Tin Kettle Helm.","Humorous fantasy card game illustration, hand-drawn comic fantasy, expressive outlines, exaggerated shapes and facial expressions, clear silhouette, readable at small card size, one main subject, simple uncluttered background, vertical composition, centered subject, no text, no letters, no numbers, no UI, no card frame, no watermark. Fantasy item as the clear main subject, iconic shape, exaggerated humorous design. Card: Tin Kettle Helm. A humorous fantasy interpretation of Tin Kettle Helm."
"mapmakers-sandals","Mapmaker's Sandals","item","A humorous fantasy interpretation of Mapmaker's Sandals.","Humorous fantasy card game illustration, hand-drawn comic fantasy, expressive outlines, exaggerated shapes and facial expressions, clear silhouette, readable at small card size, one main subject, simple uncluttered background, vertical composition, centered subject, no text, no letters, no numbers, no UI, no card frame, no watermark. Fantasy item as the clear main subject, iconic shape, exaggerated humorous design. Card: Mapmaker's Sandals. A humorous fantasy interpretation of Mapmaker's Sandals."
"cardboard-plate-mail","Cardboard Plate Mail","item","A humorous fantasy interpretation of Cardboard Plate Mail.","Humorous fantasy card game illustration, hand-drawn comic fantasy, expressive outlines, exaggerated shapes and facial expressions, clear silhouette, readable at small card size, one main subject, simple uncluttered background, vertical composition, centered subject, no text, no letters, no numbers, no UI, no card frame, no watermark. Fantasy item as the clear main subject, iconic shape, exaggerated humorous design. Card: Cardboard Plate Mail. A humorous fantasy interpretation of Cardboard Plate Mail."
"pocket-cudgel","Pocket Cudgel","item","A humorous fantasy interpretation of Pocket Cudgel.","Humorous fantasy card game illustration, hand-drawn comic fantasy, expressive outlines, exaggerated shapes and facial expressions, clear silhouette, readable at small card size, one main subject, simple uncluttered background, vertical composition, centered subject, no text, no letters, no numbers, no UI, no card frame, no watermark. Fantasy item as the clear main subject, iconic shape, exaggerated humorous design. Card: Pocket Cudgel. A humorous fantasy interpretation of Pocket Cudgel."
"folding-buckler","Folding Buckler","item","A humorous fantasy interpretation of Folding Buckler.","Humorous fantasy card game illustration, hand-drawn comic fantasy, expressive outlines, exaggerated shapes and facial expressions, clear silhouette, readable at small card size, one main subject, simple uncluttered background, vertical composition, centered subject, no text, no letters, no numbers, no UI, no card frame, no watermark. Fantasy item as the clear main subject, iconic shape, exaggerated humorous design. Card: Folding Buckler. A humorous fantasy interpretation of Folding Buckler."
"two-handed-bookmark","Two-Handed Bookmark","item","A humorous fantasy interpretation of Two-Handed Bookmark.","Humorous fantasy card game illustration, hand-drawn comic fantasy, expressive outlines, exaggerated shapes and facial expressions, clear silhouette, readable at small card size, one main subject, simple uncluttered background, vertical composition, centered subject, no text, no letters, no numbers, no UI, no card frame, no watermark. Fantasy item as the clear main subject, iconic shape, exaggerated humorous design. Card: Two-Handed Bookmark. A humorous fantasy interpretation of Two-Handed Bookmark."
"compass-crown","Compass Crown","item","A humorous fantasy interpretation of Compass Crown.","Humorous fantasy card game illustration, hand-drawn comic fantasy, expressive outlines, exaggerated shapes and facial expressions, clear silhouette, readable at small card size, one main subject, simple uncluttered background, vertical composition, centered subject, no text, no letters, no numbers, no UI, no card frame, no watermark. Fantasy item as the clear main subject, iconic shape, exaggerated humorous design. Card: Compass Crown. A humorous fantasy interpretation of Compass Crown."
"deadline-skates","Deadline Skates","item","A humorous fantasy interpretation of Deadline Skates.","Humorous fantasy card game illustration, hand-drawn comic fantasy, expressive outlines, exaggerated shapes and facial expressions, clear silhouette, readable at small card size, one main subject, simple uncluttered background, vertical composition, centered subject, no text, no letters, no numbers, no UI, no card frame, no watermark. Fantasy item as the clear main subject, iconic shape, exaggerated humorous design. Card: Deadline Skates. A humorous fantasy interpretation of Deadline Skates."
"tuning-fork-rapier","Tuning-Fork Rapier","item","A humorous fantasy interpretation of Tuning-Fork Rapier.","Humorous fantasy card game illustration, hand-drawn comic fantasy, expressive outlines, exaggerated shapes and facial expressions, clear silhouette, readable at small card size, one main subject, simple uncluttered background, vertical composition, centered subject, no text, no letters, no numbers, no UI, no card frame, no watermark. Fantasy item as the clear main subject, iconic shape, exaggerated humorous design. Card: Tuning-Fork Rapier. A humorous fantasy interpretation of Tuning-Fork Rapier."
"echo-mail","Echo Mail","item","A humorous fantasy interpretation of Echo Mail.","Humorous fantasy card game illustration, hand-drawn comic fantasy, expressive outlines, exaggerated shapes and facial expressions, clear silhouette, readable at small card size, one main subject, simple uncluttered background, vertical composition, centered subject, no text, no letters, no numbers, no UI, no card frame, no watermark. Fantasy item as the clear main subject, iconic shape, exaggerated humorous design. Card: Echo Mail. A humorous fantasy interpretation of Echo Mail."
"mossy-maul","Mossy Maul","item","A humorous fantasy interpretation of Mossy Maul.","Humorous fantasy card game illustration, hand-drawn comic fantasy, expressive outlines, exaggerated shapes and facial expressions, clear silhouette, readable at small card size, one main subject, simple uncluttered background, vertical composition, centered subject, no text, no letters, no numbers, no UI, no card frame, no watermark. Fantasy item as the clear main subject, iconic shape, exaggerated humorous design. Card: Mossy Maul. A humorous fantasy interpretation of Mossy Maul."
"portable-drawbridge","Portable Drawbridge","item","A humorous fantasy interpretation of Portable Drawbridge.","Humorous fantasy card game illustration, hand-drawn comic fantasy, expressive outlines, exaggerated shapes and facial expressions, clear silhouette, readable at small card size, one main subject, simple uncluttered background, vertical composition, centered subject, no text, no letters, no numbers, no UI, no card frame, no watermark. Fantasy item as the clear main subject, iconic shape, exaggerated humorous design. Card: Portable Drawbridge. A humorous fantasy interpretation of Portable Drawbridge."
"cometglass-sabre","Cometglass Sabre","item","A humorous fantasy interpretation of Cometglass Sabre.","Humorous fantasy card game illustration, hand-drawn comic fantasy, expressive outlines, exaggerated shapes and facial expressions, clear silhouette, readable at small card size, one main subject, simple uncluttered background, vertical composition, centered subject, no text, no letters, no numbers, no UI, no card frame, no watermark. Fantasy item as the clear main subject, iconic shape, exaggerated humorous design. Card: Cometglass Sabre. A humorous fantasy interpretation of Cometglass Sabre."
"leviathan-hide-coat","Leviathan-Hide Coat","item","A humorous fantasy interpretation of Leviathan-Hide Coat.","Humorous fantasy card game illustration, hand-drawn comic fantasy, expressive outlines, exaggerated shapes and facial expressions, clear silhouette, readable at small card size, one main subject, simple uncluttered background, vertical composition, centered subject, no text, no letters, no numbers, no UI, no card frame, no watermark. Fantasy item as the clear main subject, iconic shape, exaggerated humorous design. Card: Leviathan-Hide Coat. A humorous fantasy interpretation of Leviathan-Hide Coat."
"oracular-stilts","Oracular Stilts","item","A humorous fantasy interpretation of Oracular Stilts.","Humorous fantasy card game illustration, hand-drawn comic fantasy, expressive outlines, exaggerated shapes and facial expressions, clear silhouette, readable at small card size, one main subject, simple uncluttered background, vertical composition, centered subject, no text, no letters, no numbers, no UI, no card frame, no watermark. Fantasy item as the clear main subject, iconic shape, exaggerated humorous design. Card: Oracular Stilts. A humorous fantasy interpretation of Oracular Stilts."
"crown-of-last-words","Crown of Last Words","item","A humorous fantasy interpretation of Crown of Last Words.","Humorous fantasy card game illustration, hand-drawn comic fantasy, expressive outlines, exaggerated shapes and facial expressions, clear silhouette, readable at small card size, one main subject, simple uncluttered background, vertical composition, centered subject, no text, no letters, no numbers, no UI, no card frame, no watermark. Fantasy item as the clear main subject, iconic shape, exaggerated humorous design. Card: Crown of Last Words. A humorous fantasy interpretation of Crown of Last Words."
"emergency-confetti","Emergency Confetti","temporary_bonus","A humorous fantasy interpretation of Emergency Confetti.","Humorous fantasy card game illustration, hand-drawn comic fantasy, expressive outlines, exaggerated shapes and facial expressions, clear silhouette, readable at small card size, one main subject, simple uncluttered background, vertical composition, centered subject, no text, no letters, no numbers, no UI, no card frame, no watermark. Humorous fantasy subject with an iconic, visually obvious action or object. Card: Emergency Confetti. A humorous fantasy interpretation of Emergency Confetti."
"bottled-applause","Bottled Applause","temporary_bonus","A humorous fantasy interpretation of Bottled Applause.","Humorous fantasy card game illustration, hand-drawn comic fantasy, expressive outlines, exaggerated shapes and facial expressions, clear silhouette, readable at small card size, one main subject, simple uncluttered background, vertical composition, centered subject, no text, no letters, no numbers, no UI, no card frame, no watermark. Humorous fantasy subject with an iconic, visually obvious action or object. Card: Bottled Applause. A humorous fantasy interpretation of Bottled Applause."
"strategic-banana-peel","Strategic Banana Peel","temporary_bonus","A humorous fantasy interpretation of Strategic Banana Peel.","Humorous fantasy card game illustration, hand-drawn comic fantasy, expressive outlines, exaggerated shapes and facial expressions, clear silhouette, readable at small card size, one main subject, simple uncluttered background, vertical composition, centered subject, no text, no letters, no numbers, no UI, no card frame, no watermark. Humorous fantasy subject with an iconic, visually obvious action or object. Card: Strategic Banana Peel. A humorous fantasy interpretation of Strategic Banana Peel."
"heroic-snack-break","Heroic Snack Break","temporary_bonus","A humorous fantasy interpretation of Heroic Snack Break.","Humorous fantasy card game illustration, hand-drawn comic fantasy, expressive outlines, exaggerated shapes and facial expressions, clear silhouette, readable at small card size, one main subject, simple uncluttered background, vertical composition, centered subject, no text, no letters, no numbers, no UI, no card frame, no watermark. Humorous fantasy subject with an iconic, visually obvious action or object. Card: Heroic Snack Break. A humorous fantasy interpretation of Heroic Snack Break."
"pocket-comet","Pocket Comet","temporary_bonus","A humorous fantasy interpretation of Pocket Comet.","Humorous fantasy card game illustration, hand-drawn comic fantasy, expressive outlines, exaggerated shapes and facial expressions, clear silhouette, readable at small card size, one main subject, simple uncluttered background, vertical composition, centered subject, no text, no letters, no numbers, no UI, no card frame, no watermark. Humorous fantasy subject with an iconic, visually obvious action or object. Card: Pocket Comet. A humorous fantasy interpretation of Pocket Comet."
"ominous-stage-light","Ominous Stage Light","temporary_bonus","A humorous fantasy interpretation of Ominous Stage Light.","Humorous fantasy card game illustration, hand-drawn comic fantasy, expressive outlines, exaggerated shapes and facial expressions, clear silhouette, readable at small card size, one main subject, simple uncluttered background, vertical composition, centered subject, no text, no letters, no numbers, no UI, no card frame, no watermark. Humorous fantasy subject with an iconic, visually obvious action or object. Card: Ominous Stage Light. A humorous fantasy interpretation of Ominous Stage Light."
"borrowed-thunder","Borrowed Thunder","temporary_bonus","A humorous fantasy interpretation of Borrowed Thunder.","Humorous fantasy card game illustration, hand-drawn comic fantasy, expressive outlines, exaggerated shapes and facial expressions, clear silhouette, readable at small card size, one main subject, simple uncluttered background, vertical composition, centered subject, no text, no letters, no numbers, no UI, no card frame, no watermark. Humorous fantasy subject with an iconic, visually obvious action or object. Card: Borrowed Thunder. A humorous fantasy interpretation of Borrowed Thunder."
"emergency-drawbridge","Emergency Drawbridge","temporary_bonus","A humorous fantasy interpretation of Emergency Drawbridge.","Humorous fantasy card game illustration, hand-drawn comic fantasy, expressive outlines, exaggerated shapes and facial expressions, clear silhouette, readable at small card size, one main subject, simple uncluttered background, vertical composition, centered subject, no text, no letters, no numbers, no UI, no card frame, no watermark. Humorous fantasy subject with an iconic, visually obvious action or object. Card: Emergency Drawbridge. A humorous fantasy interpretation of Emergency Drawbridge."
"dramatic-entrance-music","Dramatic Entrance Music","monster_modifier","A humorous fantasy interpretation of Dramatic Entrance Music.","Humorous fantasy card game illustration, hand-drawn comic fantasy, expressive outlines, exaggerated shapes and facial expressions, clear silhouette, readable at small card size, one main subject, simple uncluttered background, vertical composition, centered subject, no text, no letters, no numbers, no UI, no card frame, no watermark. Humorous fantasy subject with an iconic, visually obvious action or object. Card: Dramatic Entrance Music. A humorous fantasy interpretation of Dramatic Entrance Music."
"inflatable-shoulder-pads","Inflatable Shoulder Pads","monster_modifier","A humorous fantasy interpretation of Inflatable Shoulder Pads.","Humorous fantasy card game illustration, hand-drawn comic fantasy, expressive outlines, exaggerated shapes and facial expressions, clear silhouette, readable at small card size, one main subject, simple uncluttered background, vertical composition, centered subject, no text, no letters, no numbers, no UI, no card frame, no watermark. Humorous fantasy subject with an iconic, visually obvious action or object. Card: Inflatable Shoulder Pads. A humorous fantasy interpretation of Inflatable Shoulder Pads."
"mandatory-monster-nap","Mandatory Monster Nap","monster_modifier","A humorous fantasy interpretation of Mandatory Monster Nap.","Humorous fantasy card game illustration, hand-drawn comic fantasy, expressive outlines, exaggerated shapes and facial expressions, clear silhouette, readable at small card size, one main subject, simple uncluttered background, vertical composition, centered subject, no text, no letters, no numbers, no UI, no card frame, no watermark. Humorous fantasy subject with an iconic, visually obvious action or object. Card: Mandatory Monster Nap. A humorous fantasy interpretation of Mandatory Monster Nap."
"executive-monster-promotion","Executive Monster Promotion","monster_modifier","A humorous fantasy interpretation of Executive Monster Promotion.","Humorous fantasy card game illustration, hand-drawn comic fantasy, expressive outlines, exaggerated shapes and facial expressions, clear silhouette, readable at small card size, one main subject, simple uncluttered background, vertical composition, centered subject, no text, no letters, no numbers, no UI, no card frame, no watermark. Humorous fantasy subject with an iconic, visually obvious action or object. Card: Executive Monster Promotion. A humorous fantasy interpretation of Executive Monster Promotion."
"open-mic-night-invitation","Open Mic Night Invitation","add_monster","A humorous fantasy interpretation of Open Mic Night Invitation.","Humorous fantasy card game illustration, hand-drawn comic fantasy, expressive outlines, exaggerated shapes and facial expressions, clear silhouette, readable at small card size, one main subject, simple uncluttered background, vertical composition, centered subject, no text, no letters, no numbers, no UI, no card frame, no watermark. Humorous fantasy subject with an iconic, visually obvious action or object. Card: Open Mic Night Invitation. A humorous fantasy interpretation of Open Mic Night Invitation."
"bureaucratic-carbon-copy","Bureaucratic Carbon Copy","clone_monster","A humorous fantasy interpretation of Bureaucratic Carbon Copy.","Humorous fantasy card game illustration, hand-drawn comic fantasy, expressive outlines, exaggerated shapes and facial expressions, clear silhouette, readable at small card size, one main subject, simple uncluttered background, vertical composition, centered subject, no text, no letters, no numbers, no UI, no card frame, no watermark. Humorous fantasy subject with an iconic, visually obvious action or object. Card: Bureaucratic Carbon Copy. A humorous fantasy interpretation of Bureaucratic Carbon Copy."
"door-cache","Door Cache","utility","A humorous fantasy interpretation of Door Cache.","Humorous fantasy card game illustration, hand-drawn comic fantasy, expressive outlines, exaggerated shapes and facial expressions, clear silhouette, readable at small card size, one main subject, simple uncluttered background, vertical composition, centered subject, no text, no letters, no numbers, no UI, no card frame, no watermark. Humorous fantasy subject with an iconic, visually obvious action or object. Card: Door Cache. A humorous fantasy interpretation of Door Cache."
"treasure-rumor","Treasure Rumor","utility","A humorous fantasy interpretation of Treasure Rumor.","Humorous fantasy card game illustration, hand-drawn comic fantasy, expressive outlines, exaggerated shapes and facial expressions, clear silhouette, readable at small card size, one main subject, simple uncluttered background, vertical composition, centered subject, no text, no letters, no numbers, no UI, no card frame, no watermark. Humorous fantasy subject with an iconic, visually obvious action or object. Card: Treasure Rumor. A humorous fantasy interpretation of Treasure Rumor."
"quiet-respite","Quiet Respite","utility","A humorous fantasy interpretation of Quiet Respite.","Humorous fantasy card game illustration, hand-drawn comic fantasy, expressive outlines, exaggerated shapes and facial expressions, clear silhouette, readable at small card size, one main subject, simple uncluttered background, vertical composition, centered subject, no text, no letters, no numbers, no UI, no card frame, no watermark. Humorous fantasy subject with an iconic, visually obvious action or object. Card: Quiet Respite. A humorous fantasy interpretation of Quiet Respite."
"spare-change-map","Spare-Change Map","utility","A humorous fantasy interpretation of Spare-Change Map.","Humorous fantasy card game illustration, hand-drawn comic fantasy, expressive outlines, exaggerated shapes and facial expressions, clear silhouette, readable at small card size, one main subject, simple uncluttered background, vertical composition, centered subject, no text, no letters, no numbers, no UI, no card frame, no watermark. Humorous fantasy subject with an iconic, visually obvious action or object. Card: Spare-Change Map. A humorous fantasy interpretation of Spare-Change Map."
"two-pocket-plan","Two-Pocket Plan","utility","A humorous fantasy interpretation of Two-Pocket Plan.","Humorous fantasy card game illustration, hand-drawn comic fantasy, expressive outlines, exaggerated shapes and facial expressions, clear silhouette, readable at small card size, one main subject, simple uncluttered background, vertical composition, centered subject, no text, no letters, no numbers, no UI, no card frame, no watermark. Humorous fantasy subject with an iconic, visually obvious action or object. Card: Two-Pocket Plan. A humorous fantasy interpretation of Two-Pocket Plan."
"grand-expedition-map","Grand Expedition Map","utility","A humorous fantasy interpretation of Grand Expedition Map.","Humorous fantasy card game illustration, hand-drawn comic fantasy, expressive outlines, exaggerated shapes and facial expressions, clear silhouette, readable at small card size, one main subject, simple uncluttered background, vertical composition, centered subject, no text, no letters, no numbers, no UI, no card frame, no watermark. Humorous fantasy subject with an iconic, visually obvious action or object. Card: Grand Expedition Map. A humorous fantasy interpretation of Grand Expedition Map."
"eager-intern","Eager Intern","hireling","A humorous fantasy interpretation of Eager Intern.","Humorous fantasy card game illustration, hand-drawn comic fantasy, expressive outlines, exaggerated shapes and facial expressions, clear silhouette, readable at small card size, one main subject, simple uncluttered background, vertical composition, centered subject, no text, no letters, no numbers, no UI, no card frame, no watermark. Humorous fantasy subject with an iconic, visually obvious action or object. Card: Eager Intern. A humorous fantasy interpretation of Eager Intern."
"lantern-scout","Lantern Scout","hireling","A humorous fantasy interpretation of Lantern Scout.","Humorous fantasy card game illustration, hand-drawn comic fantasy, expressive outlines, exaggerated shapes and facial expressions, clear silhouette, readable at small card size, one main subject, simple uncluttered background, vertical composition, centered subject, no text, no letters, no numbers, no UI, no card frame, no watermark. Humorous fantasy subject with an iconic, visually obvious action or object. Card: Lantern Scout. A humorous fantasy interpretation of Lantern Scout."
"scrap-squire","Scrap Squire","hireling","A humorous fantasy interpretation of Scrap Squire.","Humorous fantasy card game illustration, hand-drawn comic fantasy, expressive outlines, exaggerated shapes and facial expressions, clear silhouette, readable at small card size, one main subject, simple uncluttered background, vertical composition, centered subject, no text, no letters, no numbers, no UI, no card frame, no watermark. Humorous fantasy subject with an iconic, visually obvious action or object. Card: Scrap Squire. A humorous fantasy interpretation of Scrap Squire."
"stubborn-pony","Stubborn Pony","mount","A humorous fantasy interpretation of Stubborn Pony.","Humorous fantasy card game illustration, hand-drawn comic fantasy, expressive outlines, exaggerated shapes and facial expressions, clear silhouette, readable at small card size, one main subject, simple uncluttered background, vertical composition, centered subject, no text, no letters, no numbers, no UI, no card frame, no watermark. Humorous fantasy subject with an iconic, visually obvious action or object. Card: Stubborn Pony. A humorous fantasy interpretation of Stubborn Pony."
"archive-apprentice","Archive Apprentice","hireling","A humorous fantasy interpretation of Archive Apprentice.","Humorous fantasy card game illustration, hand-drawn comic fantasy, expressive outlines, exaggerated shapes and facial expressions, clear silhouette, readable at small card size, one main subject, simple uncluttered background, vertical composition, centered subject, no text, no letters, no numbers, no UI, no card frame, no watermark. Humorous fantasy subject with an iconic, visually obvious action or object. Card: Archive Apprentice. A humorous fantasy interpretation of Archive Apprentice."
"graveyard-guide","Graveyard Guide","hireling","A humorous fantasy interpretation of Graveyard Guide.","Humorous fantasy card game illustration, hand-drawn comic fantasy, expressive outlines, exaggerated shapes and facial expressions, clear silhouette, readable at small card size, one main subject, simple uncluttered background, vertical composition, centered subject, no text, no letters, no numbers, no UI, no card frame, no watermark. Humorous fantasy subject with an iconic, visually obvious action or object. Card: Graveyard Guide. A humorous fantasy interpretation of Graveyard Guide."
"clockwork-goat","Clockwork Goat","mount","A humorous fantasy interpretation of Clockwork Goat.","Humorous fantasy card game illustration, hand-drawn comic fantasy, expressive outlines, exaggerated shapes and facial expressions, clear silhouette, readable at small card size, one main subject, simple uncluttered background, vertical composition, centered subject, no text, no letters, no numbers, no UI, no card frame, no watermark. Humorous fantasy subject with an iconic, visually obvious action or object. Card: Clockwork Goat. A humorous fantasy interpretation of Clockwork Goat."
"mossback-elk","Mossback Elk","mount","A humorous fantasy interpretation of Mossback Elk.","Humorous fantasy card game illustration, hand-drawn comic fantasy, expressive outlines, exaggerated shapes and facial expressions, clear silhouette, readable at small card size, one main subject, simple uncluttered background, vertical composition, centered subject, no text, no letters, no numbers, no UI, no card frame, no watermark. Humorous fantasy subject with an iconic, visually obvious action or object. Card: Mossback Elk. A humorous fantasy interpretation of Mossback Elk."
"deadline-ostrich","Deadline Ostrich","mount","A humorous fantasy interpretation of Deadline Ostrich.","Humorous fantasy card game illustration, hand-drawn comic fantasy, expressive outlines, exaggerated shapes and facial expressions, clear silhouette, readable at small card size, one main subject, simple uncluttered background, vertical composition, centered subject, no text, no letters, no numbers, no UI, no card frame, no watermark. Humorous fantasy subject with an iconic, visually obvious action or object. Card: Deadline Ostrich. A humorous fantasy interpretation of Deadline Ostrich."
"veteran-retainer","Veteran Retainer","hireling","A humorous fantasy interpretation of Veteran Retainer.","Humorous fantasy card game illustration, hand-drawn comic fantasy, expressive outlines, exaggerated shapes and facial expressions, clear silhouette, readable at small card size, one main subject, simple uncluttered background, vertical composition, centered subject, no text, no letters, no numbers, no UI, no card frame, no watermark. Humorous fantasy subject with an iconic, visually obvious action or object. Card: Veteran Retainer. A humorous fantasy interpretation of Veteran Retainer."
"comet-stag","Comet Stag","mount","A humorous fantasy interpretation of Comet Stag.","Humorous fantasy card game illustration, hand-drawn comic fantasy, expressive outlines, exaggerated shapes and facial expressions, clear silhouette, readable at small card size, one main subject, simple uncluttered background, vertical composition, centered subject, no text, no letters, no numbers, no UI, no card frame, no watermark. Humorous fantasy subject with an iconic, visually obvious action or object. Card: Comet Stag. A humorous fantasy interpretation of Comet Stag."
"leviathan-skipper","Leviathan Skipper","hireling","A humorous fantasy interpretation of Leviathan Skipper.","Humorous fantasy card game illustration, hand-drawn comic fantasy, expressive outlines, exaggerated shapes and facial expressions, clear silhouette, readable at small card size, one main subject, simple uncluttered background, vertical composition, centered subject, no text, no letters, no numbers, no UI, no card frame, no watermark. Humorous fantasy subject with an iconic, visually obvious action or object. Card: Leviathan Skipper. A humorous fantasy interpretation of Leviathan Skipper."
"sharpening-chorus","Sharpening Chorus","attachment","A humorous fantasy interpretation of Sharpening Chorus.","Humorous fantasy card game illustration, hand-drawn comic fantasy, expressive outlines, exaggerated shapes and facial expressions, clear silhouette, readable at small card size, one main subject, simple uncluttered background, vertical composition, centered subject, no text, no letters, no numbers, no UI, no card frame, no watermark. Humorous fantasy subject with an iconic, visually obvious action or object. Card: Sharpening Chorus. A humorous fantasy interpretation of Sharpening Chorus."
"balanced-pommel","Balanced Pommel","attachment","A humorous fantasy interpretation of Balanced Pommel.","Humorous fantasy card game illustration, hand-drawn comic fantasy, expressive outlines, exaggerated shapes and facial expressions, clear silhouette, readable at small card size, one main subject, simple uncluttered background, vertical composition, centered subject, no text, no letters, no numbers, no UI, no card frame, no watermark. Humorous fantasy subject with an iconic, visually obvious action or object. Card: Balanced Pommel. A humorous fantasy interpretation of Balanced Pommel."
"hexproof-cap","Hexproof Cap","item","Cancels matching Early or Mid Curses while active.","Humorous fantasy card game illustration, hand-drawn comic fantasy, expressive outlines, exaggerated shapes and facial expressions, clear silhouette, readable at small card size, one main subject, simple uncluttered background, vertical composition, centered subject, no text, no letters, no numbers, no UI, no card frame, no watermark. Fantasy item as the clear main subject, iconic shape, exaggerated humorous design. Card: Hexproof Cap. Cancels matching Early or Mid Curses while active."
"beast-hunters-vest","Beast Hunter's Vest","item","A humorous fantasy interpretation of Beast Hunter's Vest.","Humorous fantasy card game illustration, hand-drawn comic fantasy, expressive outlines, exaggerated shapes and facial expressions, clear silhouette, readable at small card size, one main subject, simple uncluttered background, vertical composition, centered subject, no text, no letters, no numbers, no UI, no card frame, no watermark. Fantasy item as the clear main subject, iconic shape, exaggerated humorous design. Card: Beast Hunter's Vest. A humorous fantasy interpretation of Beast Hunter's Vest."
"construct-cracker","Construct Cracker","item","A humorous fantasy interpretation of Construct Cracker.","Humorous fantasy card game illustration, hand-drawn comic fantasy, expressive outlines, exaggerated shapes and facial expressions, clear silhouette, readable at small card size, one main subject, simple uncluttered background, vertical composition, centered subject, no text, no letters, no numbers, no UI, no card frame, no watermark. Fantasy item as the clear main subject, iconic shape, exaggerated humorous design. Card: Construct Cracker. A humorous fantasy interpretation of Construct Cracker."
"smoke-pellet","Smoke Pellet","temporary_bonus","A humorous fantasy interpretation of Smoke Pellet.","Humorous fantasy card game illustration, hand-drawn comic fantasy, expressive outlines, exaggerated shapes and facial expressions, clear silhouette, readable at small card size, one main subject, simple uncluttered background, vertical composition, centered subject, no text, no letters, no numbers, no UI, no card frame, no watermark. Humorous fantasy subject with an iconic, visually obvious action or object. Card: Smoke Pellet. A humorous fantasy interpretation of Smoke Pellet."
"moonsteel-edge","Moonsteel Edge","attachment","A humorous fantasy interpretation of Moonsteel Edge.","Humorous fantasy card game illustration, hand-drawn comic fantasy, expressive outlines, exaggerated shapes and facial expressions, clear silhouette, readable at small card size, one main subject, simple uncluttered background, vertical composition, centered subject, no text, no letters, no numbers, no UI, no card frame, no watermark. Humorous fantasy subject with an iconic, visually obvious action or object. Card: Moonsteel Edge. A humorous fantasy interpretation of Moonsteel Edge."
"thunder-weight","Thunder Weight","attachment","A humorous fantasy interpretation of Thunder Weight.","Humorous fantasy card game illustration, hand-drawn comic fantasy, expressive outlines, exaggerated shapes and facial expressions, clear silhouette, readable at small card size, one main subject, simple uncluttered background, vertical composition, centered subject, no text, no letters, no numbers, no UI, no card frame, no watermark. Humorous fantasy subject with an iconic, visually obvious action or object. Card: Thunder Weight. A humorous fantasy interpretation of Thunder Weight."
"undead-surveyors-goggles","Undead Surveyor's Goggles","item","A humorous fantasy interpretation of Undead Surveyor's Goggles.","Humorous fantasy card game illustration, hand-drawn comic fantasy, expressive outlines, exaggerated shapes and facial expressions, clear silhouette, readable at small card size, one main subject, simple uncluttered background, vertical composition, centered subject, no text, no letters, no numbers, no UI, no card frame, no watermark. Fantasy item as the clear main subject, iconic shape, exaggerated humorous design. Card: Undead Surveyor's Goggles. A humorous fantasy interpretation of Undead Surveyor's Goggles."
"arcane-grounding-boots","Arcane Grounding Boots","item","A humorous fantasy interpretation of Arcane Grounding Boots.","Humorous fantasy card game illustration, hand-drawn comic fantasy, expressive outlines, exaggerated shapes and facial expressions, clear silhouette, readable at small card size, one main subject, simple uncluttered background, vertical composition, centered subject, no text, no letters, no numbers, no UI, no card frame, no watermark. Fantasy item as the clear main subject, iconic shape, exaggerated humorous design. Card: Arcane Grounding Boots. A humorous fantasy interpretation of Arcane Grounding Boots."
"defensive-umbrella","Defensive Umbrella","temporary_bonus","A humorous fantasy interpretation of Defensive Umbrella.","Humorous fantasy card game illustration, hand-drawn comic fantasy, expressive outlines, exaggerated shapes and facial expressions, clear silhouette, readable at small card size, one main subject, simple uncluttered background, vertical composition, centered subject, no text, no letters, no numbers, no UI, no card frame, no watermark. Humorous fantasy subject with an iconic, visually obvious action or object. Card: Defensive Umbrella. A humorous fantasy interpretation of Defensive Umbrella."
"escape-route-boots","Escape Route Boots","item","A humorous fantasy interpretation of Escape Route Boots.","Humorous fantasy card game illustration, hand-drawn comic fantasy, expressive outlines, exaggerated shapes and facial expressions, clear silhouette, readable at small card size, one main subject, simple uncluttered background, vertical composition, centered subject, no text, no letters, no numbers, no UI, no card frame, no watermark. Fantasy item as the clear main subject, iconic shape, exaggerated humorous design. Card: Escape Route Boots. A humorous fantasy interpretation of Escape Route Boots."
"comet-core","Comet Core","attachment","A humorous fantasy interpretation of Comet Core.","Humorous fantasy card game illustration, hand-drawn comic fantasy, expressive outlines, exaggerated shapes and facial expressions, clear silhouette, readable at small card size, one main subject, simple uncluttered background, vertical composition, centered subject, no text, no letters, no numbers, no UI, no card frame, no watermark. Humorous fantasy subject with an iconic, visually obvious action or object. Card: Comet Core. A humorous fantasy interpretation of Comet Core."
"wardens-aegis","Warden's Aegis","item","Cancels matching Early or Mid Curses while active.","Humorous fantasy card game illustration, hand-drawn comic fantasy, expressive outlines, exaggerated shapes and facial expressions, clear silhouette, readable at small card size, one main subject, simple uncluttered background, vertical composition, centered subject, no text, no letters, no numbers, no UI, no card frame, no watermark. Fantasy item as the clear main subject, iconic shape, exaggerated humorous design. Card: Warden's Aegis. Cancels matching Early or Mid Curses while active."
"last-second-ramp","Last-Second Ramp","temporary_bonus","A humorous fantasy interpretation of Last-Second Ramp.","Humorous fantasy card game illustration, hand-drawn comic fantasy, expressive outlines, exaggerated shapes and facial expressions, clear silhouette, readable at small card size, one main subject, simple uncluttered background, vertical composition, centered subject, no text, no letters, no numbers, no UI, no card frame, no watermark. Humorous fantasy subject with an iconic, visually obvious action or object. Card: Last-Second Ramp. A humorous fantasy interpretation of Last-Second Ramp."
"monster-compass","Monster Compass","item","A humorous fantasy interpretation of Monster Compass.","Humorous fantasy card game illustration, hand-drawn comic fantasy, expressive outlines, exaggerated shapes and facial expressions, clear silhouette, readable at small card size, one main subject, simple uncluttered background, vertical composition, centered subject, no text, no letters, no numbers, no UI, no card frame, no watermark. Fantasy item as the clear main subject, iconic shape, exaggerated humorous design. Card: Monster Compass. A humorous fantasy interpretation of Monster Compass."
"double-major","Double Major","role_permission","You may have a second CLASS.","Humorous fantasy card game illustration, hand-drawn comic fantasy, expressive outlines, exaggerated shapes and facial expressions, clear silhouette, readable at small card size, one main subject, simple uncluttered background, vertical composition, centered subject, no text, no letters, no numbers, no UI, no card frame, no watermark. Humorous fantasy subject with an iconic, visually obvious action or object. Card: Double Major. You may have a second CLASS."
"mixed-heritage","Mixed Heritage","role_permission","You may have a second RACE.","Humorous fantasy card game illustration, hand-drawn comic fantasy, expressive outlines, exaggerated shapes and facial expressions, clear silhouette, readable at small card size, one main subject, simple uncluttered background, vertical composition, centered subject, no text, no letters, no numbers, no UI, no card frame, no watermark. Humorous fantasy subject with an iconic, visually obvious action or object. Card: Mixed Heritage. You may have a second RACE."
"mirror-sages","Mirror Sages","class","A humorous fantasy interpretation of Mirror Sages.","Humorous fantasy card game illustration, hand-drawn comic fantasy, expressive outlines, exaggerated shapes and facial expressions, clear silhouette, readable at small card size, one main subject, simple uncluttered background, vertical composition, centered subject, no text, no letters, no numbers, no UI, no card frame, no watermark. Humorous fantasy character clearly representing this class through clothing, equipment and pose. Card: Mirror Sages. A humorous fantasy interpretation of Mirror Sages."
"iron-chorus","Iron Chorus","race","A humorous fantasy interpretation of Iron Chorus.","Humorous fantasy card game illustration, hand-drawn comic fantasy, expressive outlines, exaggerated shapes and facial expressions, clear silhouette, readable at small card size, one main subject, simple uncluttered background, vertical composition, centered subject, no text, no letters, no numbers, no UI, no card frame, no watermark. Humorous fantasy character clearly representing this fantasy race, emphasizing its recognizable visual traits. Card: Iron Chorus. A humorous fantasy interpretation of Iron Chorus."
"night-school","Night School","role_permission","You may have a second CLASS.","Humorous fantasy card game illustration, hand-drawn comic fantasy, expressive outlines, exaggerated shapes and facial expressions, clear silhouette, readable at small card size, one main subject, simple uncluttered background, vertical composition, centered subject, no text, no letters, no numbers, no UI, no card frame, no watermark. Humorous fantasy subject with an iconic, visually obvious action or object. Card: Night School. You may have a second CLASS."
"adopted-tradition","Adopted Tradition","role_permission","You may have a second RACE.","Humorous fantasy card game illustration, hand-drawn comic fantasy, expressive outlines, exaggerated shapes and facial expressions, clear silhouette, readable at small card size, one main subject, simple uncluttered background, vertical composition, centered subject, no text, no letters, no numbers, no UI, no card frame, no watermark. Humorous fantasy subject with an iconic, visually obvious action or object. Card: Adopted Tradition. You may have a second RACE."
"beast-barristers","Beast Barristers","class","A humorous fantasy interpretation of Beast Barristers.","Humorous fantasy card game illustration, hand-drawn comic fantasy, expressive outlines, exaggerated shapes and facial expressions, clear silhouette, readable at small card size, one main subject, simple uncluttered background, vertical composition, centered subject, no text, no letters, no numbers, no UI, no card frame, no watermark. Humorous fantasy character clearly representing this class through clothing, equipment and pose. Card: Beast Barristers. A humorous fantasy interpretation of Beast Barristers."
"graveborn","Graveborn","race","A humorous fantasy interpretation of Graveborn.","Humorous fantasy card game illustration, hand-drawn comic fantasy, expressive outlines, exaggerated shapes and facial expressions, clear silhouette, readable at small card size, one main subject, simple uncluttered background, vertical composition, centered subject, no text, no letters, no numbers, no UI, no card frame, no watermark. Humorous fantasy character clearly representing this fantasy race, emphasizing its recognizable visual traits. Card: Graveborn. A humorous fantasy interpretation of Graveborn."
"bladesingers","Bladesingers","class","A humorous fantasy interpretation of Bladesingers.","Humorous fantasy card game illustration, hand-drawn comic fantasy, expressive outlines, exaggerated shapes and facial expressions, clear silhouette, readable at small card size, one main subject, simple uncluttered background, vertical composition, centered subject, no text, no letters, no numbers, no UI, no card frame, no watermark. Humorous fantasy character clearly representing this class through clothing, equipment and pose. Card: Bladesingers. A humorous fantasy interpretation of Bladesingers."
"polymath-license","Polymath License","role_permission","You may have a second CLASS.","Humorous fantasy card game illustration, hand-drawn comic fantasy, expressive outlines, exaggerated shapes and facial expressions, clear silhouette, readable at small card size, one main subject, simple uncluttered background, vertical composition, centered subject, no text, no letters, no numbers, no UI, no card frame, no watermark. Humorous fantasy subject with an iconic, visually obvious action or object. Card: Polymath License. You may have a second CLASS."
"many-roots","Many Roots","role_permission","You may have a second RACE.","Humorous fantasy card game illustration, hand-drawn comic fantasy, expressive outlines, exaggerated shapes and facial expressions, clear silhouette, readable at small card size, one main subject, simple uncluttered background, vertical composition, centered subject, no text, no letters, no numbers, no UI, no card frame, no watermark. Humorous fantasy subject with an iconic, visually obvious action or object. Card: Many Roots. You may have a second RACE."
"two-world-walkers","Two-World Walkers","race","A humorous fantasy interpretation of Two-World Walkers.","Humorous fantasy card game illustration, hand-drawn comic fantasy, expressive outlines, exaggerated shapes and facial expressions, clear silhouette, readable at small card size, one main subject, simple uncluttered background, vertical composition, centered subject, no text, no letters, no numbers, no UI, no card frame, no watermark. Humorous fantasy character clearly representing this fantasy race, emphasizing its recognizable visual traits. Card: Two-World Walkers. A humorous fantasy interpretation of Two-World Walkers."
